,"Twitter Query: lang:en -filter:retweets -filter:replies @inditexcreers OR @Bershka, OR @bershka_japan, OR @Bershka_ES OR @leftiesofficial OR @massimodutti OR @oysho OR @pullandbear OR @stradivarius OR @uterqueOfficial OR @ZARA, OR @ZARA_Care OR @zarahome",,,,,,,,,,,,,,,,,,,
Date,Screen Name,Full Name,Tweet Text,Tweet ID,Link(s),Media,Location,Retweets,Favorites,App,Followers,Follows,Listed,Verfied,User Since,Location,Bio,Website,Timezone,Profile Image
02/02/2020 20:48,@Kannadanammamma,Proudkannadiga :,"Wedding Anniversary Shopping tour @ #H&M @marksandspencer and finally shopped at @ZARA : Formals and Party Wear. Majority of ""Made in Bangladesh"" merchandise at M&amp;S ! The 9 pcs I bought were made in Turkey Myanmar Vietnam China This is ""make in India"" ! Modi is disaster !",1224057073849098240,,https://pbs.twimg.com/media/EPy5WaZUwAELZzq.jpg,,0,2,Twitter for Android,686,578,3,,21/03/2018,"à¤¨à¤ˆ à¤¦à¤¿à¤²à¥à¤²à¥€, à¤­à¤¾à¤°à¤¤","A Proud son of Karnataka. Liberal, Progressive and extremely proud of rich Kannada culture. Definitely King Size hearted like most of true kannadigas",,,View
02/02/2020 20:32,@Beauty_Balm,Sandra,Really impressed with Jo Malone x @ZARA Emotions Perfume Collection. Picked up two - definitely will get more!,1224053018066407430,,https://pbs.twimg.com/media/EPy1p2rXUAIFvNY.jpg,,0,1,Twitter Web App,13856,3766,274,,10/07/2012,,Beauty and Lifestyle Blogger contact me: beautybalm1@virginmedia.com Beauty Shortlist Judge 2018/19/20,http://bbalm.blogspot.com,,View
02/02/2020 19:44,@idlaboha,Ihor Dlaboha,Retailer @ZARA declines to address Ukrainian customers in #Ukrainian. Only #Russian and #English spoken. Chain favors killers of #Ukrainians. Take business elsewhere. Boycott #Zara around the world. In metro #NYC area some 24 outlets. #StopRussianAggression,1224040942707052546,,,,1,0,Twitter Web App,479,464,72,,03/04/2009,New Jersey,"Journalist, foreign affairs blogger, The Torn Curtain 1991, foodservice blogger, ex-UN DPI/NGO staff member, NGO (nonprofit) expert, Outreach blogger",,,View
02/02/2020 19:27,@Crypt0H0lic,Mayor of Citadel ğŸ§° ğŸŒ® âš¡ ğŸ”‘,This is why I love @brave @BrendanEich .. @ZARA get your act together,1224036588411346949,,https://pbs.twimg.com/media/EPymyesXkAEfHBI.png,,0,2,Twitter Web App,121,427,7,,15/12/2009,#Citadel,"Crypto enthusiast, â‚¿itcoin evangelist, #LNTrustChain torch bearer!",,,View
02/02/2020 19:07,@ThePaulRev,Paul Rev ğŸ‡¨ğŸ‡´,I should've gotten more @ZARA hoodies ):,1224031667490377730,,,,0,0,Twitter for Android,211,158,1,,08/12/2017,"478, New York, USA",Based On A True Story ğŸ™ğŸ¹ğŸ¬ MGMT: PaulRevMusic@gmail.com @dreamville,https://fanlink.to/bV4w,,View
02/02/2020 18:17,@susuhersi,suad hersi,"Hi, i am having major issues accessing my zara account, and the change password option is not allowing me to change it @ZARA_Care plz help",1224019034078949377,,,,0,0,Twitter for iPhone,100,121,1,,05/12/2013,United Kingdom,.....,,,View
02/02/2020 17:57,@_Nicksy,Nicksy,".@ZARA you need to install customer WiFi in your Brent Cross store please, especially since you only use e-receipts. Canâ€™t even get network connection in there. @ZARA_Care!!",1224013892822687744,,,,5,19,Twitter for iPhone,8703,676,85,,10/06/2010,London,lawyer + artist manager ğŸ’•,,,View
02/02/2020 17:09,@fscheps,Fernando Scheps,Hello @massimodutti what about an email address or an online form so one can contact you guys whenever we need to and customers dont have to schedule in their own agendas when you can be contacted?,1224001824031682569,,https://pbs.twimg.com/media/EPyHKvKWoAYftIv.jpg,,0,0,Twitter Web App,818,2015,96,,30/01/2009,Switzerland,"Argentino viviendo en ğŸ‡¨ğŸ‡­ apasionado por la tecnologÃ­a y por ayudar a las personas. En esta cuenta escribo en espaÃ±ol, through @fernandoscheps in English",http://www.itcentralpoint.com,,View
02/02/2020 16:40,@JanineGreenASB,Janine Green,Such an unpleasant shopping experience in @ZARA Birmingham. Too few staff and those who are working look (and act) like they'd rather be anywhere else.,1223994626861944834,,,,0,0,Twitter for Android,1656,1294,12,,15/03/2017,,ASB/Housing | SME @metpoliceuk | Property Tribunal | BBC Expert Woman | @ASBhelp Trustee | @WMPolice Ethics Committee | @transportgovuk IAP | Bar Tribunal,http://www.janinegreenasb.co.uk,,View
02/02/2020 16:17,@HandbagDivas,Handbag Divas,"From #Santorini to #Jakarta, here is the most fun #MotherDaughterSunday! #HandbagDivasLove #HBDMotherDaughterSundays #CoachCrossbody @ZARA @Coach @stradivarius #GroundhogDay #ReadyForSpring",1223988803209220097,,https://pbs.twimg.com/media/EPx7U5OXsAACnrP.jpg,,0,0,Twitter for iPhone,19,451,0,,07/01/2020,,Our mission is to help you find the perfect handbag that is YOUniquely you. #HandbagDivasLove,,,View
02/02/2020 16:13,@tomatonunu,effie ğŸ’™,my shirt finally came!! @OfficialMonstaX @ZARA,1223987769992761346,,https://pbs.twimg.com/media/EPx6Yc6WkAYOkUu.jpg,,0,0,Twitter for iPhone,300,444,0,,28/06/2011,ğŸ‡¿ğŸ‡¦ | fan account | ot7,the cheese to shownu's pizza,https://twitter.com/tomatonunu/status/1127978692385419265?s=21,,View
02/02/2020 15:10,@vivid_talks,VIVID TALKS,"89% of marketers claim brand awareness is their top goal. Here are some strategies from @LatanaBrand that you can implement to increase brand awareness. FT. @claudiandfin, @jcpenney, @ZARA, @repmgmt_com, @socialinsiderio and more!  #brand",1223971841846534144,https://buff.ly/2RY82uk,https://pbs.twimg.com/media/EPxr5z7WAAIc5FT.jpg,,0,0,Buffer,90,42,3,,06/02/2018,United Kingdom,"Global event series with themes such as marketing, social media, sales and lead generation.",https://www.eventbrite.com/e/how-to-generate-more-leads-for-small-medium-businesses-in-2019-tickets-,,View
02/02/2020 11:25,@GwiltPaul,Paul Gwilt,"Interesting visit to London this weekend. Noticed how rude some retail staff are. @zarahome regent st, @marksandspencer Euston, a taxi driver, @LondonPalladium not sure @SadiqKhan focus is right. Perhaps stop looking out- look in.",1223915321645584385,,,,0,0,Twitter for iPhone,184,397,8,,28/05/2015,"Stafford, England","Interested in: current affairs, classical history, Mary Beard, Renaissance art, travel and photography. Sapiophile, proud Salopian and opinionated.",,,View
02/02/2020 11:21,@AmandaMJBlake,Amanda Blake,Memories of a journey by @massimodutti,1223914384201863168,https://suitablystylish.wordpress.com/2020/02/01/massimo-dutti-womens-edit-memories-of-a-journey/,,,0,0,Twitter for Android,1002,710,172,,26/05/2009,London,Don't dream it. Be it. amandamjbphotography.wordpress com Instagram: AMANDAMJB,https://suitablystylish.wordpress.com/,,View
02/02/2020 10:55,@eleashalw,Eleasha,New mini @ZARA haul ğŸ’š â€”>,1223907849404895237,https://eleashaoutfits.wordpress.com/2020/01/30/mini-zara-haul-3/,https://pbs.twimg.com/media/EPwxsdxX4AsRS5S.jpg,,0,1,Twitter for iPhone,252,260,0,,13/12/2015,,Instagram- eleashawilliams,https://eleashaoutfits.wordpress.com,,View
02/02/2020 10:07,@_antoroccuzzo_,Antonelaroccuzzo,"Antonela wore : - Earrings(1,090â‚¬) from @HRHJoaillerie - Turtleneck Sweater(19.95â‚¬) from @ZARA - Top Flap Bag(2,680â‚¬) from @CHANEL",1223895740247920640,,https://pbs.twimg.com/media/EPwmiYBX0AAC7tF.jpg,,0,1,Twitter for Android,172,12,0,,11/09/2019,,Antonela Roccuzzo Fan and Closet pageğŸ’• | Follow for the latest posts and for her outfits details | IG : anto.closet,,,View
02/02/2020 08:38,@OyeAhsan,Ahsan,Things that make me smile. #MadeInPakistan @Bershka,1223873289405304832,,https://pbs.twimg.com/media/EPwSQqlXsAE9EfS.jpg,,1,22,Twitter for iPhone,1052,289,12,,02/04/2011,"Ø¯Ø¨ÙŠ, Ø§Ù„Ø§Ù…Ø§Ø±Ø§Øª Ø§Ù„Ø¹Ø±Ø¨ÙŠØ© Ø§Ù„Ù…ØªØ­Ø¯Ø©",it's ok if you don't like me.Not everyone has good taste. Edwardian #Humour #history #politics & #culture. #Peace,,,View
02/02/2020 08:12,@freyafarrington,Freya Farrington,HUGE ZARA HAUL FEBRUARY 2020 * NEW IN * | TRY ON FASHION & ZARA HOME HOM...  via @YouTube @ZARA @zarahome #zara #zarahome #zarahaul,1223866761281523713,https://youtu.be/VOk-NB3Pr3Q,https://pbs.twimg.com/media/EPwMVCrXsAMcKpz.jpg,,0,1,Twitter for iPhone,2216,206,35,,09/05/2015,"Manchester, England","A Fashion, Beauty & Lifestyle Blog // Monochrome and Minimal // Snapchat @freyafarrington // https://www.youtube.com/c/FreyaFarrington",http://www.freyafarrington.com,,View
02/02/2020 07:05,@Victoria_Secret,Victoria Secret,Love @ZARA bags but their zips ğŸ™ˆ. Bits of me shall be falling all over Dublin Airport in a minute ğŸ˜¬,1223849896438128640,,,,0,6,Twitter for iPhone,13212,1026,57,âœ…,30/04/2009,"Dublin, Ireland",Ireland's tallest woman strutting around in sparkly size 12's. Promoter: #DraggedUp. Catch me on street corners & venues all over victoriasecretdublin@gmail.com,http://www.draggedup.net,,View
02/02/2020 07:04,@TemmyZarah,TZTLğŸ’–,I am having withdrawal symptoms I miss @ZARA ğŸ¤¦ğŸ¾â€â™€ï¸,1223849527662338049,,,,0,2,Twitter for iPhone,466,256,4,,07/01/2015,,2nd page @TheNameOfGod4,,,View
02/02/2020 05:58,@MeghansMirror,Meghans Mirror,"When #MeghanMarkle shared her thoughts on the TIG with American designer @ToryBurch, she paired the designerâ€™s coat with a great pair of @Zara black ballerina-style flats. #MMStyleArchives",1223832950992711681,http://bit.ly/2I7dKXd,https://pbs.twimg.com/media/EPvtlVcWkAAyht1.jpg,,0,22,CoSchedule,17072,651,108,,07/12/2016,International,"Chronicling the polished style of the Duchess of Sussex, #MeghanMarkle. World's leading site to identify and #MirrorMeg Meghan's classic style. @EffieMedia Blog",http://www.meghansmirror.com/welcome-to-meghans-mirror/,,View
02/02/2020 04:33,@Woodwould21,Jamie Wood,Iâ€™m trying to get in good enough shape to fit @ZARA again! #Goals,1223811615386144768,,,,0,2,Twitter for iPhone,7412,1506,92,,10/02/2010,"Columbus, Ohio. United States",Living On Purpose||Buckeye Alum||Let all that you do be done in love. 1 Corinthians 16:14 #PurposedToLove,http://www.facebook.com/jwood23osu,,View
02/02/2020 03:54,@packer1265,packer1265,So @ZARA please help. #Chicago #MichiganAve,1223801908814589953,,https://pbs.twimg.com/media/EPvRWGpX4AA9JhT.jpg,,0,4,Twitter for iPhone,185,859,2,,26/06/2011,,"part time vagabond, full time snacker",,,View
02/02/2020 02:16,@Doxter_S,Doxter S,Reposting @toffee4108: @zara #limitededition #pinupgirl #nautical #rock courtesy of @little_annie_30,1223777079365382145,,https://pbs.twimg.com/media/EPu6xLCWkAEynZW.jpg,,0,0,Crowdfire App,204,98,17,,12/06/2012,"McLean, Virginia, USA","Doxter S is a Singer-Songwriter who has been creating, recording, producing, and performing original and award winning popular music since 2012. More than 50!",,,View
02/02/2020 01:06,@Masuma17a,Masuma.,If thereâ€™s anything consistent with @ZARA. Itâ€™s their shitty rude staff from management through to customer advisors.,1223759461212413965,,,,0,0,Twitter for iPhone,142,185,1,,25/09/2011,United Kingdom,,,,View
02/02/2020 01:03,@kazsabina_,sabina,New @Bershka collection is 100000/10 Coming through with the ultimate primary school netball throwbacks with the skorts,1223758684121116673,,,,0,1,Twitter for iPhone,1111,893,14,,12/03/2011,"Sittingbourne, Kent","i love brown sauce, take photos & talk about music a lot email: kazsabina@icloud.com",,,View
02/02/2020 01:02,@Marc_Storrie,Marc Storrie,Also picked up this cute outfit today! @ZARA delivering the goods!!,1223758500096102400,,https://pbs.twimg.com/media/EPup3eRX0AYk_gN.jpg,,0,2,Twitter for iPhone,588,856,4,,23/12/2009,"London, England",The Urdang Academy @BSATalent,http://www.spotlight.com/3011-7832-4305,,View
02/02/2020 00:57,@micabot,Mica,I feel like my daughter can be a @ZARA baby clothing model.,1223757402022891520,,,,0,0,Twitter for iPhone,252,1708,12,,14/01/2011,LAğŸ›¬SF,"Design Manager. Back to the Future. WWDITS. LAâœˆï¸SF. LA Clippers, Boba Guys, Moscow Mules, Fried Chicken and Waffles. ğŸ My views + stuff...",,,View
02/02/2020 00:33,@iamlhop,L. Hop,"One of my favorite pastimes is going through shopping apps like @ShopStyle, @ZARA, and @SHEIN_official and favoriting everything I want but probably wonâ€™t buy lol",1223751213310627841,,,,0,0,Twitter for iPhone,444,184,25,,08/09/2009,"Los Angeles, CA","Christian | Mother | Researcher, Writer | Reality TV Aficionado",http://www.grabyourlight.com,,View
02/02/2020 00:13,@AlvaSharon,Alva Sharon â™¥ï¸,"I love @ZARAâ€™s shoes/boots & apparel and have been purchasing in store &amp; online since they came to Toronto, but had the worst retail experience today at d Eaton Centre..super rude cashier..didnâ€™t mind d mess coz of their sale event but d customer service is just terrible!!",1223746099745296389,,,,1,5,Twitter for iPhone,753,177,1,,07/04/2012,"Ontario, Canada","AshRaldğŸ’™ #ElmoMagalona ğŸŒŸ We are humans..imperfect.. But, we have a perfect God, who can make ALL things happen..Have Faith & Obey! â™¥ï¸",,,View
01/02/2020 23:45,@suen_tak,Suen,"When I was leaving the fitting room in @Zara today, an assistant asked me if I hided any hangers. She also explained that â€˜hangerâ€™ is the one inside the clothes, in case I donâ€™t know what â€˜hangerâ€™ means. Is there any specific reason of asking that rude question to the customers?",1223739275092643840,,,,0,0,Twitter for iPhone,8,65,0,,13/03/2014,United States,,,,View
01/02/2020 23:29,@justjosaphine,forever topless,The size guide for @Zara is fucking brilliant! It tells you the percentage of people who returned that size after a few quick questions about your weight distribution & size.,1223735199021723649,,,,0,0,Twitter for Android,69,155,0,,03/01/2013,,,http://Instagram.com/justjosieee/,,View
01/02/2020 23:28,@s4na__,Sana,Why did my tweet about @pullandbear get removed??? - what kind of policy is no hoodies allowed in store?? ğŸ˜‚,1223734963960471552,,,,0,0,Twitter for iPhone,11,41,0,,21/07/2014,,,,,View
01/02/2020 21:23,@Mymochilife,ğŸ’œMymochilifeğŸ’œ,ğŸ‡ºğŸ‡¸ love this outfit ! ğŸ¥° â–ªï¸ â–ªï¸ ğŸ‡«ğŸ‡· J'aime trop cet ensemble ğŸ˜ â–ªï¸ â–ªï¸ â–ªï¸ â–ªï¸ Jacket/strapless bra : @undizfamily Pants : @zara â–ªï¸ â–ªï¸ â–ªï¸ #flexikei #lifestyle #makeup #mua #fashion #photography #selfie #advancedselfie #undizfamily,1223703403823554560,https://ift.tt/2GH7Jin,https://pbs.twimg.com/media/EPt3wunXUAEM_Bk.jpg,,0,0,IFTTT,68,117,11,,30/07/2015,France,this account is so random so stick around if you love BTS or MAKEUP or anything really ğŸ˜,https://www.facebook.com/Mymochilife/,,View
01/02/2020 20:57,@dougmorton,Doug,Well that was helpful @ZARA_Care,1223696849585963008,,https://pbs.twimg.com/media/EPtxy_qWsAUeb9m.jpg,,0,1,Twitter for iPhone,1030,86,60,,12/09/2009,ğŸ‡ªğŸ‡º,,http://Instagram.com/dougmorton,,View
01/02/2020 20:36,@Fateema41759417,Fateema,Why is everything so freaking expensive now?? @ZARA a hoodie for over 100?????? Rhamona,1223691521683226624,,,,0,1,Twitter for Android,15,142,0,,02/01/2020,,Advertising student/19,,,View
01/02/2020 20:15,@JustMeT8,"Just Me, T","(Rose) Gold Baby / Solid (rose) goldâœŒ Perfume @ZARA Hoop earrings @LovisaJewellery Lipstick @essence_ZA Just Me, T xoxo",1223686396508016648,https://twitter.com/JustMeT8/status/1223672761492692992/photo/1,https://pbs.twimg.com/media/EPtoR_eWAAAGWVD.jpg,,0,0,Twitter for Android,37,181,0,,17/07/2018,,"Blogger Diary of everything that makes me #JustMeT ... which means I'm pretty normal, you'll see. Justmetblog@gmail.com",,,View
01/02/2020 20:10,@CherryHillMall,Cherry Hill Mall,"Shopping is always more fun with a friend which is why we want you to head over to our Instagram page to give you and a pal a chance to win the ultimate #PalentinesDay GRAND PRIZE, complete with @Zara gift cards! See our Instagram bio for complete details:",1223684953675829250,https://bit.ly/2GJkYz8,https://pbs.twimg.com/media/EPtm-nwW4AILYZ8.jpg,,0,1,Sprout Social,2788,470,37,,24/11/2010,"Cherry Hill, NJ","Cherry Hill Mall is South Jersey's Fashion Destination. Nordstrom, Macy's and JCPenney, plus over 165 stores & restaurants. #cherryhillmall",http://cherryhillmall.com,,View
01/02/2020 20:07,@cheekygirlie,ali mcgee,"Very successful shopping trip with the bestie, new jacket thanks to @ZARA itâ€™s beautiful, I love it! ğŸ˜ƒ I may even sleep in it ğŸ˜†",1223684335364116481,,,,0,0,Twitter for iPhone,527,492,23,,05/02/2009,"Surbiton, Uk",Lover of wine and everything fine ğŸ˜,,,View
01/02/2020 19:22,@Jaw47548379,Judee Ann,Dear @ZARA I love shopping in your store but not the hour long wait to purchase/return anything. Blah,1223673016116305921,,,,0,1,Twitter for iPhone,2,24,0,,14/01/2020,"Washington, DC","Co-Head, Creative Artists Agency (CAA), Social Impact",,,View
01/02/2020 18:27,@imupolo,Nacho Urreta,"Hey @ZARA_Care I have always been a costumer of Zara when it comes to purchasing jeans, but I will have to look for a different brand since it looks like they all get damage on the exact same spot over and over",1223659027865001984,,https://pbs.twimg.com/media/EPtPY4kWkAAxXdc.jpg,,0,0,Twitter for iPhone,10,59,0,,23/01/2015,,,,,View
01/02/2020 18:20,@LorenaPozoTrans,Lorena Pozo,Hey @zarahome. What are your linen curtains made of? Tissue paper?,1223657369256767489,,https://pbs.twimg.com/media/EPtN3onXUAE5FtI.jpg,,0,0,Twitter for iPhone,35,428,1,,27/01/2016,,,,,View
01/02/2020 17:30,@luv4kookie,black swanâ·,I just saw BT21 in @Bershka ğŸ¥º #BTS #BT21,1223644817277759492,,,,0,2,Twitter for Android,1273,1246,6,,22/11/2019,hopeworld,"OT7 ğŸ’œğŸ¦„ shine, dream, smile",,,View
01/02/2020 17:14,@kikicupcake89,Katy Parr,I might be 30 but Iâ€™m totally in love with my 101 dalmations jumper @ZARA #101dalmations,1223640780771905536,,https://pbs.twimg.com/media/EPs-yywW4AESAA5.jpg,,0,5,Twitter for iPhone,490,1333,8,,17/08/2011,cardiff,"criminology degree owning, bay living, tea drinking, hard working, foodie loving, friend hugging, 20 something year old.",,,View
01/02/2020 16:46,@traceyowen2912,Tracey A Owen,"Just had car broken into in @ncpcarparks near @ManchesterMal Manchester, so if you see someone head to toe in leopard print, thatâ€™s my feckin favourite @ZARA dress, and my favourite @thisiswhistles leather jacket you absolute t##t",1223633801450008578,,,,0,0,Twitter for iPhone,147,498,4,,09/10/2011,,,,,View
01/02/2020 16:39,@NatalieTait,Natalie Tait,And the disappointing customer service continues @ZARA_Care,1223631909600792577,,,,0,0,Twitter for iPhone,287,325,10,,29/04/2009,UK,Writer | Blogger | Foodie | Fashion junkie | Lover of peanut butter | thewondertonic@gmail.com,http://www.thewondertonic.com,,View
01/02/2020 16:37,@amandaly5,amandaly5,"I've been faced a terrible situation on zara shop in Riyadh, KSA, 7 months ago without any care to solve it except that @ZARA_Care calm me with many promising but nothing happened till now, hopefully solve it on 2030 ğŸ˜ğŸ¤¨ I will tweet again and again till they take an action",1223631565420421120,,,,1,0,Twitter for Android,44,593,1,,28/06/2011,,,,,View
01/02/2020 16:00,@Abihump,Abigail Cunningham,"Wow! Just tried to exchange my daughters christmas present (bought in December) as too small and told my receipt ""expired"" on 8th Jan (when we were away fror Christmas). Shameful policy @ZARA last time I shop for kids/gifts there!",1223622085781659648,,,,1,0,Twitter for Android,84,422,3,,05/02/2011,London,,,,View
01/02/2020 15:10,@JussiRoine,Jussi Roine,"Hey @samilaiho, we need you to fix this at @ZARA in #Helsinki! #BSOD",1223609482019770368,,https://pbs.twimg.com/media/EPsiU-nX4AIWyb3.jpg,,2,23,Twitter for Android,4249,1333,266,,15/05/2009,"Helsinki, Finland",Azure Developer Audience Product Marketing Manager at Microsoft | Author & Speaker | @CtrlAltAzure Podcast Co-Host | ex-Microsoft MVP & RD,https://jussiroine.com/,,View
01/02/2020 15:00,@thecreativegeek,CJ Ware LRPS - TheCreativeGeek,Todayâ€™s outfit featuring clothes from @ZARA & @drmartens also rocking my snake walking stick because ya know #Disabled and styling it out ğŸ˜‹,1223607105464172552,,https://pbs.twimg.com/media/EPsgLFXWoAIBqyf.jpg,,1,1,Twitter for iPhone,5326,2630,237,,06/06/2008,"England, United Kingdom",#Photographer/#Fashion Lover/#Vlogger/#Blogger/#Podcaster With #Autism Licentiate @the_rps / Brand Ambassador For @GBPhotoaward PR: hello@thecreativegeek.co.uk,http://home.thecreativegeek.co.uk/,,View
01/02/2020 13:15,@DeileTurnbull,Deile Purvis,Barneys new cost from @ZARA and the zip is broken ğŸ˜¢ hasnâ€™t even worn it yet!,1223580598872281088,,https://pbs.twimg.com/media/EPsIECRXsAYNqQZ.jpg,,0,1,Twitter for iPhone,290,220,1,,01/04/2009,"Newcastle, UK ","Small, short, petite, little, wee, pocket size!",,,View
01/02/2020 12:53,@iridescentplace,Iridescentplaces,New #blog post! My Monthly Favourites: January ft @ColourPopCo @TooFaced @MACcosmetics @ZARA & @NYXCosmetics_UK :  ğŸ’• #beautyblogger #beautyblog,1223574978857259018,http://bit.ly/2t8ndIS,https://pbs.twimg.com/media/EPsC8bVX0AA3ehy.jpg,,0,0,Twitter for iPhone,1480,816,42,,22/08/2015,"London, England",Caroline ğŸ’‹ â€¢ Beauty & Cat Obsessed Blogger â€¢ iridescentplaces@gmail.com âœ‰ï¸,http://www.iridescentplaces.com,,View
01/02/2020 12:32,@JoeCMerriman,Joe Merriman,Have you considered recruiting more team members in your Watford store @ZARA ğŸ¤·ğŸ»â€â™‚ï¸,1223569879284047873,,,,0,0,Twitter for iPhone,1253,376,1,,19/11/2013,London â€¢ Rickmansworth,Shaping the #FutureOfMobility @RCIBS subsidiary of @Groupe_Renault ğŸš— â€¢ #WeAreRenault ğŸ‡«ğŸ‡· â€¢ #ElectricVehicles âš¡ï¸â€¢ #FinTech ğŸ’³ â€¢ All views my own ğŸ™‹ğŸ»â€â™‚ï¸,http://www.insidefintechs.com,,View
01/02/2020 12:29,@_toluubabyyy,a nice person,Can someone that works in @ZARA please confirm WHY IT TAKES SO LONG TO GET ITEMS OUT OF THE STOCK ROOM?!!!!??,1223569049529044992,,,,0,0,Twitter for iPhone,328,293,0,,21/03/2017,Leicester,Future Chartered Accountant LEI/LDN YT:TEETIMESTWOâ­ï¸ SUMMER BABY ğŸ¼ AUG 28th ğŸ‰,https://youtu.be/gyL_ZqKg-pE,,View
01/02/2020 11:37,@Charlote_Birch,Charlotte Birch âœ¨,donâ€™t think thereâ€™s anything better than waking up to a @ZARA delivery ğŸ˜,1223555971676540928,,,,0,0,Twitter for iPhone,511,515,1,,25/02/2011,,Isle of Man,,,View
01/02/2020 11:23,@jodieb01,Jodie B,"Absolutely disgusting â€˜customer serviceâ€™ @ZARA_Care @ZARA finally had a call after trying many forms of contact, aggressive CSA refusing to send photos of unworn item I returned telling me it had marks on and telling me I wasnâ€™t allowed to dispute it. Sent back to me screwed up!",1223552471458549760,,,,0,1,Twitter Web App,18,74,0,,25/10/2010,"England, United Kingdom",Birmingham,,,ğŸ‘¤
01/02/2020 09:36,@Bede04871471,-,I paid more than price label because of websiteâ€™s mistake and no one care about that!! I just DM you please check it out @ZARA_Care,1223525457699713024,,,,0,0,Twitter Web App,0,52,0,,09/12/2019,,,,,ğŸ‘¤
01/02/2020 08:59,@_AssemblyLine,Diane Cunningham,The impact of delivery + returns on online retail. @nextofficial ft w/ their approach to encouraging rtns to store to inc sales opps. Potential for tech to improve as @ZARA + others roll out tools for better idea of fit + style  #retail #onlineretail,1223516320672768000,https://www.thetimes.co.uk/article/serial-returners-give-fashion-retailers-an-online-headache-x33zd676r,,,0,2,Twitter for Android,1115,2958,46,,14/10/2011,UK,"Consultancy, project mgt, engagement + marketing strategy for high streets + places. Advisor to @MayorofLondon on #streetmarkets. Studying MSc @placemanagement",http://www.theassemblyline.co,,View
01/02/2020 07:28,@Mayowabami,Alabi mayowa,Went shopping at @ZARA First or second dress?,1223493223252885505,,https://pbs.twimg.com/media/EPq4ll5WoAAwy8T.jpg,,6,42,Twitter for iPhone,381,262,0,,23/01/2017,"Chicago,Illinois ",Live love forgive IG @mayowabami,,,View
01/02/2020 06:17,@tayotayoxo,tayotayoxo,"I love @ZARA new personalised bags, would be such a great Motherâ€™s Day gift. Not overpriced but great quality and a great gift ğŸ˜",1223475315294572552,,,,0,0,Twitter for iPhone,23,42,0,,08/08/2019,,NifÄ™ aye re âœ¨. (LOVE YOUR LIFE),,,View
01/02/2020 05:37,@bestofmanurios,manu rios ğŸ’«,stories â€¢ @manuriosfdez @Bershka collection â¤ï¸,1223465475708989440,,https://pbs.twimg.com/media/EPqfWPLUUAERwLi.jpg,,0,1,Twitter for iPhone,9,1,0,,26/11/2019,PH,"hi, you are worth it ğŸŒ¹ â€¢ uploading photos of @manuriosfdez ğŸ’™ credits to the rightful owner ğŸƒ",,,View
01/02/2020 02:50,@BeingMekaJ,Meka J,Fridayâ€™s fit coat @Forever21 hoodie @Forever21 faux leather joggers @ZARA sneakers @newbalance bag @MichaelKors,1223423253710024704,,https://pbs.twimg.com/media/EPp49J6XsAEEAvP.jpg,,0,0,Twitter for iPad,573,374,22,,24/11/2014,Houston,Fashion & Lifestyle Blogger and Vlogger ğŸ¥â¤µï¸,http://beingmekaj.com/shop/,,View
01/02/2020 00:50,@lilLeah99,leah ğŸ™‡ğŸ¼â€â™€ï¸,Feel like getting a massive spontaneous order of @ZARA clothes... But Iâ€™d feel kindâ€™a guilty tho ğŸ™ƒğŸ™ƒğŸ™ƒğŸ™ƒğŸ™ƒğŸ™ƒğŸ™ƒğŸ™ƒ,1223393046747930625,,,,0,0,Twitter for iPhone,7,92,0,,28/10/2018,United Kingdom,what are those things in gremlins called,,,View
01/02/2020 00:34,@DocChikara,doc,"zara selling new big lebowski design, their design was horrible so i made a better one in 5 minutes with 2 pics, using photoshop, eat that zara! @ZARA",1223389196645101569,,https://pbs.twimg.com/media/EPpZ_QDU0AE5UAB.png,,0,1,Twitter Web App,25,1323,0,,16/01/2014,,,,,View
01/02/2020 00:18,@Beckyboo7100,Bex,"So @newlook, @hmunitedkingdom, @boohoo, @Missguided and @OfficialPLT Iâ€™ll be waiting for my #Brexit discount code to drop in my mail box tomorrow. I just wish @ZARA would get on board.",1223385148701528066,,,,0,2,Twitter for iPhone,12,126,1,,06/11/2017,"Southampton, England",Beauty Beauty News YouTube Celebrity Movies Entertainment,,,View
01/02/2020 00:13,@TwoButtonsDeep,Two Buttons Deep,"Voting starts NOW for #FashionFriday â€”Capital Regionâ€™s Best Dressed of the Week from the @buttonista herself. Reply with the # outfit you think should win! Voting ends Sunday at 7PM, winner gets $50 to @ZARA at @Crossgates_Mall",1223383807673479169,,https://pbs.twimg.com/media/EPpVEi7WkAYpArd.jpg,,1,3,Twitter for iPhone,3187,1572,30,,27/02/2016,New York's Capital Region,Stuff worth talking about from the Capital Region & beyond,http://twobuttonsdeep.com,,View
31/01/2020 22:56,@srtasilvins,Sil ğŸŒ¸,Take my money ğŸ’µ @Bershka,1223364497194258438,,https://pbs.twimg.com/media/EPpDhehWsAUMTTB.jpg,,0,0,Twitter for iPhone,140,180,15,,31/03/2011,"barcelona, spain",Product Owner + UX ğŸ¤˜ğŸ» me gusta hacer fotos ğŸ“¸ el diseÃ±o ğŸ y todo lo relacionado con JapÃ³n,http://www.instagram.com/srta.silvins,,View
31/01/2020 22:18,@prelovedbtn,Preloved of Brighton,If you like @ZARA bit donâ€™t want to buy new then we have a great selection of second hand designs #Brighton #SecondHandZara,1223354904288419841,,https://pbs.twimg.com/media/EPo6zHJXsAAcEtj.jpg,,2,4,Twitter for iPhone,3838,3441,97,,08/12/2012,Brighton,"A consignment boutique selling second hand designer, High Street and vintage clothing in Fiveways, Brighton. Fashion that doesnâ€™t cost the earth ğŸŒ",http://www.prelovedofbrighton.com,,View
31/01/2020 21:45,@lornajaneduffy,Fashion Bossâ„¢,Ps. My dress (new stock) and boots (on sale) are both from @ZARA! âœ¨ #IrlAM,1223346657993134086,,https://pbs.twimg.com/media/EPozSn6W4AAosw9.jpg,,0,0,Twitter for iPhone,4359,3514,125,,23/06/2009,Dublin | London,Fashion Broadcaster: Virgin Media One | Ireland AM | Style & Lifestyle Blogger | Presenter | Digital Marketing Guru | Instagram: fashionboss_ie,http://fashionboss.ie,,View
31/01/2020 20:08,@laur_murphyx,Lauren Murphy,"Omg everytime I go onto the @ZARA website phone/laptop/app, when Iâ€™m scrolling it keeps jumping back up to the top of the page !!! This happening to anyone else",1223322112531800065,,,,0,3,Twitter for iPhone,95,184,0,,30/10/2015,,,,,View
31/01/2020 20:05,@smbwebhost,Vik at SMBwebhost - Web Hosting for Small Business,"89% of marketers claim brand awareness is their top goal. Here are some strategies from @LatanaBrand that you can implement to increase brand awareness. FT. @claudiandfin, @jcpenney, @ZARA, @repmgmt_com, @socialinsiderio and more!  #brand",1223321322182402050,https://buff.ly/2RY82uk,https://pbs.twimg.com/media/EPocQm5X0AQVdIs.jpg,,0,1,Buffer,22,16,3,,17/04/2019,"Sheridan, WY",SMBwebhost is a premier #smb #webhosting solution that provides #smallbusiness with 99.99% Up-time and reliable #hosting and #business #email :D,https://www.smbwebhost.com,,View
31/01/2020 19:52,@holls_mai,hol,"Love when @Bershka say they have delivered your items that you desperately need for tomorrow, and then say they have a signature, proving their delivery, yet.... I still have no parcel!!! Fuming is an understatement! Never again",1223318276505264129,,,,0,0,Twitter for Android,725,1856,1,,08/04/2012,Tralee,21 â¤ï¸,,,View
31/01/2020 19:49,@Phil_Gahan,Philip Gahan ğŸ³ï¸â€ğŸŒˆ,#acid #attack outside at @ZARA #victoriastreet @BBCLondonNews @SkyNewsBreak @itvlondon,1223317439385042944,,,,0,0,Twitter for iPhone,1382,695,39,,04/11/2012,"London, England","Baby brother to Sue, Dave and Pete! (Yes Depeche Dave) originally from Basildon now living in London via IOW, UK. http://www.instagram.com/phil_gahan",https://www.youtube.com/user/PhilGahan,,View
31/01/2020 19:48,@iammoponz,iammoponz,This guy wore my @ZARA slippers ğŸ˜©ğŸ˜©ğŸ˜©,1223317139471446028,,,,0,0,Twitter for iPhone,3,25,0,,26/12/2019,,Moponz,,,View
31/01/2020 18:05,@denetrabfit,Denetra Blackshear,I am loving this puffy jacket and cuddle weather ğŸ’šğŸ’š Makeup: @juviasplace Jacket: @Forever21 Top: @ZARA Model:  #fashionista #blackgirlmagic #melaninpoppin,1223291098426007552,http://www.instagram.com/denetrabfit,https://pbs.twimg.com/media/EPoAxFtU0AA4T3U.jpg,,3,16,Twitter for Android,968,180,8,,01/05/2016,"California, USA",ğŸ‘¸ğŸ¾IFBB Bikini Pro ğŸ“¸Published Fitness Model ğŸ¦¸ğŸ½â€â™€ï¸Cosplayer ğŸ‹ğŸ¾â€â™€ï¸Online Trainer ğŸ‘‡ğŸ¾Now Accepting Online Clients,http://bit.ly/denetrabfit,,View
31/01/2020 17:44,@darrinanderson_,The Topic of Conversations,If you support Carter comment @ZARA below â¬‡ï¸â¬‡ï¸â¬‡ï¸ RT @darrinanderson_: Carterâ€™s Professional Headshots Photographer @tangerinephotos,1223285818346872832,https://twitter.com/darrinanderson_/status/1223041650987085825,https://pbs.twimg.com/media/EPkd5ZAX0AAkqTh.jpg,,10,82,Twitter for iPhone,11888,4127,29,,16/06/2010,504âšœï¸,Model | Husband | Influencer | Carterâ€™s Dad,,,View
31/01/2020 17:41,@tastemycool,kâ€¢s,Just received my @ZARA delivery. Iâ€™ve never received anything packed so neatly in my life wow.,1223285288753123335,,,,0,0,Twitter for iPhone,598,412,18,,04/03/2009,"London, England",Auriferous!,http://thrurosecolouredglasses.tumblr.com,,View
31/01/2020 17:39,@K_Ent_WnTT,K.Entertainment~ ARMY,"Left Pic:  Right pic: @Bershka, Frankfurt am Main Zeil @BTS_twt @BT21_ @ger_unite_bts @BTS__Europe #BTS #BTSARMY #BT21",1223284795003805697,https://www.uniqlo.com/de/de/herren/mehr-entdecken/ut-kollektion-originelle-prints/bt-21,https://pbs.twimg.com/media/EPn7AA9W4AARvyp.jpg,,1,2,Twitter for Android,95,69,0,,01/08/2017,"Frankfurt, Deutschland ",2 Admins: @wajeeha2002 & @jeon_tt125,https://www.youtube.com/channel/UCtNCEejHw4N7HbM2Eu7x3fA,,View
31/01/2020 17:38,@PrithamSadashiv,Preetham S,"Spotted: @Vidya_Balan In @Zara Printed Midi Dress (â‚¹1,890) for a Party - Styled By Pranay Jaitly & Shounak Amonkar. #OOTD #VidyaBalan #Zara",1223284423317250048,,https://pbs.twimg.com/media/EPn6rRZU0AUPj79.jpg,,1,9,Twitter for Android,2325,224,25,,22/04/2010,"Mangalore, India","95 Kid, Celebrity Fashion Blogger & Stylist",https://Instagram.com/PrithamSadashiv,,View
31/01/2020 17:17,@Beauty_Balm,Sandra,So impressed with these #perfumes @ZARA @JoMaloneCBE amazing value! I picked up two #VetiverPamplemousse & #FleurDePatchouli (Â£15.99 and Â£5.99) will def be back to try the rest!,1223279222820626433,,https://pbs.twimg.com/media/EPn1890WoAADFdb.jpg,,0,3,Twitter Web App,13856,3766,274,,10/07/2012,,Beauty and Lifestyle Blogger contact me: beautybalm1@virginmedia.com Beauty Shortlist Judge 2018/19/20,http://bbalm.blogspot.com,,View
31/01/2020 16:31,@rumorethanlooks,Jimmy Hackett,"89% of marketers claim brand awareness is their top goal. Here are some strategies from @LatanaBrand that you can implement to increase brand awareness. FT. @claudiandfin, @jcpenney, @ZARA, @repmgmt_com, @socialinsiderio and more!  #brand",1223267450885681154,https://buff.ly/2RY82uk,https://pbs.twimg.com/media/EPnrQ4bWsAAGWwm.jpg,,0,1,Buffer,8541,259,318,,16/06/2016,"Houston, TX","i help get your business leads, convert them into sales, and put you ahead of the rest with effective #contentstrategy and #marketing. ğŸ’¡",http://www.yellowhyena.com,,View
31/01/2020 16:20,@IvannaNanachama,Ivanna Valerie.,"27 candles ğŸ‚ What else can I ask for, if I already have it all? ~ ğŸ‘— @primark ğŸ§¥gap ğŸ‘Ÿ@Bershka ~ Â¿Empezamos el reto de @withloveandre #ElDiarioDe #IvannaValering? ~ 10 cosas que quieran saber de mi, GO! Pregunten abajoâ€¦",1223264917534408706,https://www.instagram.com/p/B7_SVqmFj-f/?igshid=18juqtqz8p5if,,,0,0,Instagram,361,609,1,,05/05/2009,Hyrule,"Del 93' El Amor es Bailar, papÃ¡rapapÃ¡ eu eo. Tengo un patreon con fotos chÃ©veres @nanachama",http://patreon.com/nanachama,,View
31/01/2020 15:55,@amandaly5,amandaly5,"I've been faced a terrible situation on zara shop in Riyadh, KSA, 7 months ago without any care to solve it except that @ZARA_Care calm me with many promising but nothing happened till now, hopefully solve it on 2030 ğŸ˜ğŸ¤¨",1223258614455992320,,,,0,0,Twitter for Android,44,593,1,,28/06/2011,,,,,View
31/01/2020 14:30,@mowluv,Momo,Madimeja at @ZARA #zaraMallofAfrica was rude then turned me away after calling his manager and they both didnâ€™t help me!!!!! Iâ€™m livid!!!!,1223237109823221760,,,,0,1,Twitter for iPhone,253,205,0,,20/04/2009,"South Africa, JHB","Legacy vs Wealth.I want http://both.Business woman, Corporate Bird, play hard, work harder. Building an empire!",http://lizmoshoes.blogspot.com,,View
31/01/2020 14:10,@mowluv,Momo,Not at all impressed with @zara customer service right now #zaramallofAfrica. Check your DM and urgently deal with my complaint @ZARA_Care,1223232130832109570,,,,1,0,Twitter for iPhone,253,205,0,,20/04/2009,"South Africa, JHB","Legacy vs Wealth.I want http://both.Business woman, Corporate Bird, play hard, work harder. Building an empire!",http://lizmoshoes.blogspot.com,,View
31/01/2020 14:00,@phosguy,Mpho Moleme,"Thanks @Zara for swift delivery, much improvement from last year. ğŸ‘ğŸ‘ğŸ‘Œ",1223229664770109440,,,,0,0,Twitter Web App,231,1639,2,,24/01/2013,South Africa,Negativity is a chronic disease!! Tse Ntsho!!â˜ ï¸,,,View
31/01/2020 14:00,@charsouthgatee,Char,Worn these jeans a handful of times @ZARA #fastfashion but you will tell me that all your items are â€œquality checkedâ€ ğŸ˜´,1223229542548090880,,https://pbs.twimg.com/media/EPnItkRWkAU6Y7z.jpg,,2,5,Twitter for iPhone,525,91,2,,21/02/2010,,instagram:charsouthgate snapchat:charsouthgate,,,View
31/01/2020 12:51,@thesunrisebloom,Deepika Malhotra,Beauty is when you appreciate yourself â¤ï¸ ğŸ‘Ÿ Shoe @zara ğŸ‘–Denim @zara ğŸ¥¼ Blazer @hm . . . . . #whatiwore #whatiworetoday #whatiworetowork #whatimwearing #lookbook #lookbooks #styleinspo #styleblogger #styleinspiration #delhiblogger #delhibloggers #photooftheday #potd #potdğŸ“¸,1223212080569827329,,https://pbs.twimg.com/media/EPm45nUU0AAyq7a.jpg,,1,4,Twitter for iPhone,3601,1591,6,,07/03/2017,"Gurgaon, India","Financial Consultant @ Aditya Birla Sun Life Insurance, Aditya Birla Financial Services, Aditya Birla Health Insurance",,,View
31/01/2020 12:48,@UserbilityCo,Userbility,"89% of marketers claim brand awareness is their top goal. Here are some strategies from @LatanaBrand that you can implement to increase brand awareness. FT. @claudiandfin, @jcpenney, @ZARA, @repmgmt_com, @socialinsiderio and more!  #brand",1223211332738211840,https://buff.ly/2RY82uk,https://pbs.twimg.com/media/EPm4OYxWkAAn-ht.jpg,,0,1,Buffer,50,383,0,,25/08/2019,Worldwide,Remote user testing as it should be - fast & affordable! Get started from Â£10 per tester ğŸ’»,https://userbility.co,,View
31/01/2020 12:43,@emerge_recruit,e-Merge Recruitment,"THIS IS HOW WE DO IT!!! Month end deals just flowing in like nobodies business. Congratulations to @Dudley Zengeza , @Nicole de Sousa, @Garth Zoutendyk, Dominic Maree, @Michelle Hiestermann and @Zara Harvey. You guys rock. Clearly the men were waiting for this day to show off",1223210206093594625,,pic.twitter.com/rz4lUbsXhT,,1,4,Hootsuite Inc.,175,107,11,,30/05/2016,"Johannesburg, South Africa",e-Merge IT Recruitment is a specialist niche agency working in specific technology verticals,http://www.e-merge.co.za,,View
31/01/2020 10:47,@logos_ai,logos.ai,"89% of marketers claim brand awareness is their top goal. Here are some strategies from @LatanaBrand that you can implement to increase brand awareness. FT. @claudiandfin, @jcpenney, @ZARA, @repmgmt_com, @socialinsiderio and more!  #brand",1223180882200219648,https://buff.ly/36I78rb,https://pbs.twimg.com/media/EPmch61WkAEfWfe.jpg,,0,1,Buffer,4306,3955,29,,10/08/2011,"London, England","Selected branding inspiration from around the world, rightfully credited to their respective owners. Submit your work using #logosai http://www.logos.ai",http://instagram.com/logos.ai,,View
31/01/2020 10:33,@iridescentplace,Iridescentplaces,New #blog post! My Monthly Favourites: January ft @ColourPopCo @TooFaced @MACcosmetics @ZARA & @NYXCosmetics_UK :  ğŸ’• #beautyblogger #beautyblog,1223177503545724929,http://bit.ly/2t8ndIS,https://pbs.twimg.com/media/EPmZc6BWAAEVwJw.jpg,,0,1,Twitter for iPhone,1480,816,42,,22/08/2015,"London, England",Caroline ğŸ’‹ â€¢ Beauty & Cat Obsessed Blogger â€¢ iridescentplaces@gmail.com âœ‰ï¸,http://www.iridescentplaces.com,,View
31/01/2020 10:02,@FloWalla,Flo Walla,I ordered sth from @Bershka and then returned some stuff. one of the shirts I returned is still listed on the receipt. After I tried to contact them they said they canâ€˜t do anything about it because it doesnâ€˜t show up as returned in their system. Very poor customer service!,1223169665993789440,,,,0,0,Twitter for iPhone,6,61,0,,25/10/2018,"Stuttgart, Germany",,,,View
31/01/2020 10:00,@thefashionisto,The Fashionisto,#RichardBiedul Takes to Florence with #MassimoDutti @RichardBiedul @massimodutti,1223169131530346496,https://thefash.co/Ay6f88,https://pbs.twimg.com/media/EPmR15BWsAENCpI.jpg,,1,3,SmarterQueue,44064,1084,1019,,05/07/2008,"New York, New York","The latest in fashion, entertainment, style and culture.",http://thefashionisto.com,,View
31/01/2020 09:40,@JTM91977,Jeanet,"Dear @ZARA, do you also dispose of your items that are returned after purchase or do you sell them again?",1223164232277032960,,,,0,0,Twitter Web App,85,426,0,,13/06/2009,,ğŸ’œPrince / ğŸ‘©ğŸ¼â€ğŸ“/ Auntie J to the cutest nephew / human to Zola ğŸ±and Zannalee ğŸ±,,,View
31/01/2020 07:30,@LesegoLepota,LSGbabe,Nothing beats a simple look on a Friday Tshirt and jeans from @ZARA Sneakers from @Jumpman23 #FridayFeeling #simple #mood,1223131540328194049,,https://pbs.twimg.com/media/EPlvpVEWAAAwmj-.jpg,,1,1,Twitter for iPhone,14,47,0,,10/12/2019,South Africa,Team lioness,http://www.lesegolepota.pureromance.co.za,,View
31/01/2020 06:33,@nishnix49,nishnix49,"No @ZARA how can this be? Box dekho,bottle dekho.",1223117105274339328,,https://pbs.twimg.com/media/EPligIJU4AEGXgL.jpg,,0,0,Twitter for Android,108,295,0,,16/08/2019,Saffronistan,"If you think you can question everything,then you should also be questioned.",,,View
31/01/2020 05:39,@itsmaria_paula,paulağŸ¥,guys! follow my outfit Instagram! Iâ€™m having a giveaway for reaching 1K followers â¤ï¸â¤ï¸ enter for your chance to win a @ZARA gift card and store credit to an Miami based online boutique ğŸ¥°,1223103402667696131,http://instagram.com/paulascloset,https://pbs.twimg.com/media/EPlWDaKU8AA3_OT.jpg,,0,2,Twitter for iPhone,1464,534,23,,17/02/2012,fl,â€œnice to see you againâ€ -nick jonas,https://instagram.com/paulascloset,,View
31/01/2020 04:33,@onemorejosh,ğ˜ğ¨ğ® ğœğšğ§ ğœğšğ¥ğ¥ ğ¦ğ ğ•µğ–”ğ–˜ğ–ğ–šğ–†,"Definitely don't order form @ZARA We spent $260 and numerous horrible phone calls with @ZARA_Care with no resolution. 18 put of 25 didn't show up, we returned a few but those returns weren't processed. We have 2 shirts. Their entire business model appears to be fraud based.",1223086853328261123,,,,1,0,Twitter for Android,1524,1489,227,,10/04/2009,"Bellingham, USA he/him","Father, Engineer, and Oxford Comma user. ğŸŒ¹ One-time award-winning Meadmaker. ğŸ· Header: https://showyourstripes.info/",https://joshuadnelson.com,,View
31/01/2020 03:48,@yankesyestrada,Yankesy Estrada,"Sucking too hard on your lollipop, Or love's gonna get you down... Shirt: @BananaRepublic Jacket: @ZARA",1223075596349124610,,https://pbs.twimg.com/media/EPk8wjGW4AQi9qP.jpg,,1,12,Twitter for iPhone,1286,99,4,,17/01/2012,MÃ©xico,Actor... Indeciso sin remedio. Actualmente Larry Porter en @RosarioTVA por @netflixlat Instagram @yankesyestrada,,,View